id,domain,platform,severity,result,status,effort,confidence,title,affected_files,recommendation
SEC-BACKOFFICE-001,security,backoffice,critical,fail,open,M,medium,La API de permisos se ejerce desde una pantalla que no exige SUPER_ADMIN,src/api/permissions.ts | src/App.tsx | src/modules/support/SupportTicketDetailModal.tsx,"Exigir SUPER_ADMIN en el servidor para todo /api/v1/backoffice/permissions/** mediante una regla central (no por endpoint). En el frontend, separar el listado de operadores de soporte en un endpoint de solo lectura de minimo privilegio (por ejemplo GET /support/assignees) para que la pantalla de soporte no cargue la API de permisos."
SEC-BACKOFFICE-004,security,backoffice,critical,fail,open,M,high,Activacion de empleado del backoffice con codigo numerico de 6 digitos y sin limite de intentos en cliente,src/pages/ActivateEmployeePage.tsx | src/App.tsx,"Sustituir el codigo de 6 digitos por un token de un solo uso de alta entropia enviado por correo, con caducidad corta, invalidacion al primer uso e invalidacion de la invitacion tras N intentos fallidos. Aplicar limite de tasa por correo y por IP en el servidor. Mientras exista el codigo corto, no permitir que el correo se prerrellene desde la URL."
SEC-BACKOFFICE-002,security,backoffice,high,fail,open,S,high,hasBackofficePermission concede todas las areas a ADMIN cuando /auth/me no devuelve permissions,src/hooks/usePermissions.ts | src/context/AuthContext.tsx,"Tratar la ausencia de permissions como cero permisos (fail closed) y eliminar el fallback por rol. Hacer que /auth/me devuelva siempre el array permissions y que mapCurrentUser lo propague en ambas formas de respuesta. La decision de autorizacion debe ser siempre por permiso explicito, nunca por rol implicito."
SEC-BACKOFFICE-003,security,backoffice,high,partial,open,L,high,"Las guardas de rol son exclusivamente de cliente: ocultan la UI, no protegen la API",src/App.tsx | src/hooks/usePermissions.ts,Replicar cada guarda como regla de autorizacion en el servidor y tratar el frontend unicamente como capa de presentacion. Anadir una prueba de integracion por area que compruebe 403 con un token de otra area.
SEC-BACKOFFICE-005,security,backoffice,high,fail,open,M,high,"Recuperacion de contrasena con codigo de 6 digitos, realm elegido por el cliente y minimo de 6 caracteres",src/pages/RecoverPasswordPage.tsx,Token de un solo uso de alta entropia en el enlace de correo en lugar del codigo de 6 digitos; limite de tasa por correo e IP con invalidacion tras N fallos; derivar el dominio de identidad del propio token en el servidor y dejar de aceptar rol desde el cuerpo; unificar el minimo de contrasena en 12 caracteres para personal del backoffice.
SEC-BACKOFFICE-006,security,backoffice,high,fail,open,M,high,"El token de acceso del backoffice se guarda en localStorage/sessionStorage, legible por cualquier script",src/context/AuthContext.tsx | src/utils/documentUrls.ts,"Emitir la sesion en una cookie HttpOnly, Secure, SameSite=Strict (el cliente ya envia withCredentials: true, asi que el cambio es menor del lado del navegador) y eliminar por completo la persistencia en Web Storage. Si por compatibilidad debe mantenerse un token en memoria, que viva solo en el contexto de React y nunca en localStorage."
SEC-BACKOFFICE-007,security,backoffice,high,fail,open,S,high,El cierre de sesion es solo local: el token nunca se revoca en el servidor,src/context/AuthContext.tsx | src/api/auth.ts,"Llamar a POST /auth/logout desde logout() y revocar el token en el servidor (lista de revocacion o sesion en servidor). Si se migra a cookie HttpOnly, el logout debe limpiarla desde el servidor."
SEC-BACKOFFICE-010,security,backoffice,high,fail,open,S,medium,El token del backoffice se envia a cualquier origen que venga en la URL de un documento,src/utils/documentUrls.ts | src/components/shared/DocumentPreview.tsx,"Reutilizar en documentUrls el mismo control que ya existe en useAuthedImage: adjuntar getAuthHeaders() solo cuando la URL sea relativa o su origen coincida con API_ORIGIN, y hacer la peticion anonima en cualquier otro caso. Mejor aun, centralizar la comprobacion en una unica funcion fetchConToken() usada por los cuatro sinks."
SEC-BACKOFFICE-012,security,backoffice,high,fail,open,L,high,La clave X-Backoffice-Api-Key y su superficie privilegiada quedaron en el historial de git,PLAN_BACKOFFICE_POLLING.md (borrado; presente en el historial de git),"Rotar de inmediato REPUESTOP_BACKOFFICE_API_KEY en todos los entornos, sin reutilizar el patron de nombre. Purgar el archivo del historial (git filter-repo o equivalente) y forzar la reescritura coordinada. Sustituir la autenticacion por cabecera estatica compartida por credenciales por cliente con identidad, rotacion y registro de auditoria, y anadir autorizacion por operacion en /external/backof"
SEC-BACKOFFICE-013,security,backoffice,high,fail,open,L,high,La nomina de pagos BCI se construye entera en el navegador y el servidor nunca la valida,src/modules/administration/bciNominaExport.ts | src/modules/administration/PagoProveedoresPage.tsx | src/modules/administration/PagoCaptadoresPage.tsx,"Generar la nomina en el servidor a partir de los retiros aprobados en base de datos y entregarla como descarga firmada, con un identificador de nomina persistido. El cliente solo debe pedir la exportacion y recibir el archivo. Registrar en la bitacora quien exporto que nomina, con que importe total y que retiros incluyo, y conciliar el total contra la suma de los retiros aprobados."
SEC-BACKOFFICE-DP-001,security,backoffice,high,fail,open,S,high,Dependencia vulnerable: react-router-dom (6.0.0-alpha.0 - 6.30.2),backoffice/frontend/package.json | backoffice/frontend/package-lock.json,"Actualizar react-router-dom a la ultima 6.x parcheada (arrastra react-router y @remix-run/router); para exceljs/uuid, evaluar el downgrade que propone npm audit frente a fijar uuid por resolutions antes de aplicarlo, porque exceljs genera la nomina bancaria."
SEC-BACKOFFICE-DP-002,security,backoffice,high,fail,open,S,high,Dependencia vulnerable: react-router (6.0.0 - 7.17.0),backoffice/frontend/package.json | backoffice/frontend/package-lock.json,"Actualizar react-router-dom a la ultima 6.x parcheada (arrastra react-router y @remix-run/router); para exceljs/uuid, evaluar el downgrade que propone npm audit frente a fijar uuid por resolutions antes de aplicarlo, porque exceljs genera la nomina bancaria."
SEC-BACKOFFICE-DP-003,security,backoffice,high,fail,open,S,high,Dependencia vulnerable: @remix-run/router (<=1.23.2),backoffice/frontend/package.json | backoffice/frontend/package-lock.json,"Actualizar react-router-dom a la ultima 6.x parcheada (arrastra react-router y @remix-run/router); para exceljs/uuid, evaluar el downgrade que propone npm audit frente a fijar uuid por resolutions antes de aplicarlo, porque exceljs genera la nomina bancaria."
SEC-BACKOFFICE-DP-004,security,backoffice,high,fail,open,S,high,Dependencia vulnerable: nanoid (<3.3.18),backoffice/frontend/package.json | backoffice/frontend/package-lock.json,"Actualizar react-router-dom a la ultima 6.x parcheada (arrastra react-router y @remix-run/router); para exceljs/uuid, evaluar el downgrade que propone npm audit frente a fijar uuid por resolutions antes de aplicarlo, porque exceljs genera la nomina bancaria."
SEC-BACKOFFICE-DP-005,security,backoffice,high,fail,open,S,high,Dependencia vulnerable: brace-expansion (<=1.1.17 || 2.0.0 - 2.1.3),backoffice/frontend/package.json | backoffice/frontend/package-lock.json,"Actualizar react-router-dom a la ultima 6.x parcheada (arrastra react-router y @remix-run/router); para exceljs/uuid, evaluar el downgrade que propone npm audit frente a fijar uuid por resolutions antes de aplicarlo, porque exceljs genera la nomina bancaria."
SEC-BACKOFFICE-EP-001,security,backoffice,high,unverified,open,S,low,Autorizacion de servidor no verificable: DELETE /administration/expenses/{id},src/api/administration.ts,Declarar la regla de autorizacion de este endpoint en el servidor y cubrirla con una prueba negativa por rol.
SEC-BACKOFFICE-EP-002,security,backoffice,high,unverified,open,S,low,Autorizacion de servidor no verificable: DELETE /auth/users/{id},src/api/permissions.ts | src/pages/CapturerAccountPage.tsx,Declarar la regla de autorizacion de este endpoint en el servidor y cubrirla con una prueba negativa por rol.
SEC-BACKOFFICE-EP-003,security,backoffice,high,unverified,open,S,low,Autorizacion de servidor no verificable: DELETE /backoffice/permissions/users/{id}/permissions/{id},src/api/permissions.ts,Declarar la regla de autorizacion de este endpoint en el servidor y cubrirla con una prueba negativa por rol.
SEC-BACKOFFICE-EP-005,security,backoffice,high,unverified,open,S,low,Autorizacion de servidor no verificable: GET /administration/advertising-orders,src/api/administration.ts,Declarar la regla de autorizacion de este endpoint en el servidor y cubrirla con una prueba negativa por rol.
SEC-BACKOFFICE-EP-006,security,backoffice,high,unverified,open,S,low,Autorizacion de servidor no verificable: GET /administration/advertising-orders/{id}/documento/sugerencia,src/api/administration.ts,Declarar la regla de autorizacion de este endpoint en el servidor y cubrirla con una prueba negativa por rol.
SEC-BACKOFFICE-EP-007,security,backoffice,high,unverified,open,S,low,Autorizacion de servidor no verificable: GET /administration/advertising-orders/{id}/documento/url,src/api/administration.ts,Declarar la regla de autorizacion de este endpoint en el servidor y cubrirla con una prueba negativa por rol.
SEC-BACKOFFICE-EP-008,security,backoffice,high,unverified,open,S,low,Autorizacion de servidor no verificable: GET /administration/bootstrap,src/api/administration.ts,Declarar la regla de autorizacion de este endpoint en el servidor y cubrirla con una prueba negativa por rol.
SEC-BACKOFFICE-EP-009,security,backoffice,high,unverified,open,S,low,Autorizacion de servidor no verificable: GET /administration/capturer-withdrawals,src/api/capturers.ts,Declarar la regla de autorizacion de este endpoint en el servidor y cubrirla con una prueba negativa por rol.
SEC-BACKOFFICE-EP-010,security,backoffice,high,unverified,open,S,low,Autorizacion de servidor no verificable: GET /administration/capturer-withdrawals/{id}/receipt,src/api/capturers.ts,Declarar la regla de autorizacion de este endpoint en el servidor y cubrirla con una prueba negativa por rol.
SEC-BACKOFFICE-EP-011,security,backoffice,high,unverified,open,S,low,Autorizacion de servidor no verificable: GET /administration/configuracion-pagos,src/api/administration.ts,Declarar la regla de autorizacion de este endpoint en el servidor y cubrirla con una prueba negativa por rol.
SEC-BACKOFFICE-EP-012,security,backoffice,high,unverified,open,S,low,Autorizacion de servidor no verificable: GET /administration/expenses,src/api/administration.ts,Declarar la regla de autorizacion de este endpoint en el servidor y cubrirla con una prueba negativa por rol.
SEC-BACKOFFICE-EP-013,security,backoffice,high,unverified,open,S,low,Autorizacion de servidor no verificable: GET /administration/partner-withdrawals,src/api/administration.ts,Declarar la regla de autorizacion de este endpoint en el servidor y cubrirla con una prueba negativa por rol.
SEC-BACKOFFICE-EP-014,security,backoffice,high,unverified,open,S,low,Autorizacion de servidor no verificable: GET /administration/sale-receipts/{id}/url,src/api/saleReceipts.ts,Declarar la regla de autorizacion de este endpoint en el servidor y cubrirla con una prueba negativa por rol.
SEC-BACKOFFICE-EP-015,security,backoffice,high,unverified,open,S,low,Autorizacion de servidor no verificable: GET /administration/socios,src/api/administration.ts,Declarar la regla de autorizacion de este endpoint en el servidor y cubrirla con una prueba negativa por rol.
SEC-BACKOFFICE-EP-016,security,backoffice,high,unverified,open,S,low,Autorizacion de servidor no verificable: GET /administration/withdrawal-payments,src/api/administration.ts,Declarar la regla de autorizacion de este endpoint en el servidor y cubrirla con una prueba negativa por rol.
SEC-BACKOFFICE-EP-017,security,backoffice,high,unverified,open,S,low,Autorizacion de servidor no verificable: GET /administration/withdrawal-payments/{id},src/api/administration.ts,Declarar la regla de autorizacion de este endpoint en el servidor y cubrirla con una prueba negativa por rol.
SEC-BACKOFFICE-EP-018,security,backoffice,high,unverified,open,S,low,Autorizacion de servidor no verificable: GET /administration/withdrawals,src/api/administration.ts,Declarar la regla de autorizacion de este endpoint en el servidor y cubrirla con una prueba negativa por rol.
SEC-BACKOFFICE-EP-019,security,backoffice,high,unverified,open,S,low,Autorizacion de servidor no verificable: GET /administration/withdrawals/{id}/details,src/api/administration.ts,Declarar la regla de autorizacion de este endpoint en el servidor y cubrirla con una prueba negativa por rol.
SEC-BACKOFFICE-EP-020,security,backoffice,high,unverified,open,S,low,Autorizacion de servidor no verificable: GET /administration/withdrawals/{id}/liquidation-document,src/api/administration.ts,Declarar la regla de autorizacion de este endpoint en el servidor y cubrirla con una prueba negativa por rol.
SEC-BACKOFFICE-EP-021,security,backoffice,high,unverified,open,S,low,Autorizacion de servidor no verificable: GET /administration/workspace,src/api/administration.ts,Declarar la regla de autorizacion de este endpoint en el servidor y cubrirla con una prueba negativa por rol.
SEC-BACKOFFICE-EP-026,security,backoffice,high,unverified,open,S,low,Autorizacion de servidor no verificable: GET /backoffice/founders/config,src/api/founders.ts,Declarar la regla de autorizacion de este endpoint en el servidor y cubrirla con una prueba negativa por rol.
SEC-BACKOFFICE-EP-027,security,backoffice,high,unverified,open,S,low,Autorizacion de servidor no verificable: GET /backoffice/permissions/users/search,src/api/permissions.ts,Declarar la regla de autorizacion de este endpoint en el servidor y cubrirla con una prueba negativa por rol.
SEC-BACKOFFICE-EP-028,security,backoffice,high,unverified,open,S,low,Autorizacion de servidor no verificable: GET /backoffice/permissions/users/{id},src/api/permissions.ts,Declarar la regla de autorizacion de este endpoint en el servidor y cubrirla con una prueba negativa por rol.
SEC-BACKOFFICE-EP-063,security,backoffice,high,unverified,open,S,low,Autorizacion de servidor no verificable: PATCH /administration/capturer-withdrawals/{id}/pay,src/api/capturers.ts,Declarar la regla de autorizacion de este endpoint en el servidor y cubrirla con una prueba negativa por rol.
SEC-BACKOFFICE-EP-064,security,backoffice,high,unverified,open,S,low,Autorizacion de servidor no verificable: PATCH /administration/capturer-withdrawals/{id}/reject,src/api/capturers.ts,Declarar la regla de autorizacion de este endpoint en el servidor y cubrirla con una prueba negativa por rol.
SEC-BACKOFFICE-EP-065,security,backoffice,high,unverified,open,S,low,Autorizacion de servidor no verificable: PATCH /administration/partner-withdrawals/{id}/pay,src/api/administration.ts,Declarar la regla de autorizacion de este endpoint en el servidor y cubrirla con una prueba negativa por rol.
SEC-BACKOFFICE-EP-066,security,backoffice,high,unverified,open,S,low,Autorizacion de servidor no verificable: PATCH /administration/withdrawals/{id}/pay,src/api/administration.ts,Declarar la regla de autorizacion de este endpoint en el servidor y cubrirla con una prueba negativa por rol.
SEC-BACKOFFICE-EP-067,security,backoffice,high,unverified,open,S,low,Autorizacion de servidor no verificable: PATCH /administration/withdrawals/{id}/reject,src/api/administration.ts,Declarar la regla de autorizacion de este endpoint en el servidor y cubrirla con una prueba negativa por rol.
SEC-BACKOFFICE-EP-069,security,backoffice,high,unverified,open,S,low,Autorizacion de servidor no verificable: PATCH /anuncios/{id}/approve,src/api/validations.ts,Declarar la regla de autorizacion de este endpoint en el servidor y cubrirla con una prueba negativa por rol.
SEC-BACKOFFICE-EP-070,security,backoffice,high,unverified,open,S,low,Autorizacion de servidor no verificable: PATCH /anuncios/{id}/reject,src/api/validations.ts,Declarar la regla de autorizacion de este endpoint en el servidor y cubrirla con una prueba negativa por rol.
SEC-BACKOFFICE-EP-073,security,backoffice,high,unverified,open,S,low,Autorizacion de servidor no verificable: PATCH /backoffice/founders/{id},src/api/founders.ts,Declarar la regla de autorizacion de este endpoint en el servidor y cubrirla con una prueba negativa por rol.
SEC-BACKOFFICE-EP-074,security,backoffice,high,unverified,open,S,low,Autorizacion de servidor no verificable: PATCH /mediations/{id}/block-account,src/api/mediations.ts,Declarar la regla de autorizacion de este endpoint en el servidor y cubrirla con una prueba negativa por rol.
SEC-BACKOFFICE-EP-078,security,backoffice,high,unverified,open,S,low,Autorizacion de servidor no verificable: PATCH /sellers/{id}/suspend,src/api/sellers.ts,Declarar la regla de autorizacion de este endpoint en el servidor y cubrirla con una prueba negativa por rol.
SEC-BACKOFFICE-EP-081,security,backoffice,high,unverified,open,S,low,Autorizacion de servidor no verificable: PATCH /validations/anuncios/{id}/approve,src/api/validations.ts,Declarar la regla de autorizacion de este endpoint en el servidor y cubrirla con una prueba negativa por rol.
SEC-BACKOFFICE-EP-082,security,backoffice,high,unverified,open,S,low,Autorizacion de servidor no verificable: PATCH /validations/anuncios/{id}/reject,src/api/validations.ts,Declarar la regla de autorizacion de este endpoint en el servidor y cubrirla con una prueba negativa por rol.
SEC-BACKOFFICE-EP-084,security,backoffice,high,unverified,open,S,low,Autorizacion de servidor no verificable: PATCH /validations/capturers/{id}/approve,src/api/capturers.ts,Declarar la regla de autorizacion de este endpoint en el servidor y cubrirla con una prueba negativa por rol.
SEC-BACKOFFICE-EP-085,security,backoffice,high,unverified,open,S,low,Autorizacion de servidor no verificable: PATCH /validations/capturers/{id}/reject,src/api/capturers.ts,Declarar la regla de autorizacion de este endpoint en el servidor y cubrirla con una prueba negativa por rol.
SEC-BACKOFFICE-EP-086,security,backoffice,high,unverified,open,S,low,Autorizacion de servidor no verificable: PATCH /validations/{id}/approve,src/api/validations.ts,Declarar la regla de autorizacion de este endpoint en el servidor y cubrirla con una prueba negativa por rol.
SEC-BACKOFFICE-EP-087,security,backoffice,high,unverified,open,S,low,Autorizacion de servidor no verificable: PATCH /validations/{id}/reject,src/api/validations.ts,Declarar la regla de autorizacion de este endpoint en el servidor y cubrirla con una prueba negativa por rol.
SEC-BACKOFFICE-EP-089,security,backoffice,high,unverified,open,S,low,Autorizacion de servidor no verificable: POST /administration/advertising-orders/{id}/documento,src/api/administration.ts,Declarar la regla de autorizacion de este endpoint en el servidor y cubrirla con una prueba negativa por rol.
SEC-BACKOFFICE-EP-090,security,backoffice,high,unverified,open,S,low,Autorizacion de servidor no verificable: POST /administration/capturer-withdrawals/process,src/api/capturers.ts,Declarar la regla de autorizacion de este endpoint en el servidor y cubrirla con una prueba negativa por rol.
SEC-BACKOFFICE-EP-091,security,backoffice,high,unverified,open,S,low,Autorizacion de servidor no verificable: POST /administration/expenses,src/api/administration.ts,Declarar la regla de autorizacion de este endpoint en el servidor y cubrirla con una prueba negativa por rol.
SEC-BACKOFFICE-EP-092,security,backoffice,high,unverified,open,S,low,Autorizacion de servidor no verificable: POST /administration/liquidation-documents,src/api/administration.ts,Declarar la regla de autorizacion de este endpoint en el servidor y cubrirla con una prueba negativa por rol.
SEC-BACKOFFICE-EP-093,security,backoffice,high,unverified,open,S,low,Autorizacion de servidor no verificable: POST /administration/partner-withdrawals,src/api/administration.ts,Declarar la regla de autorizacion de este endpoint en el servidor y cubrirla con una prueba negativa por rol.
SEC-BACKOFFICE-EP-094,security,backoffice,high,unverified,open,S,low,Autorizacion de servidor no verificable: POST /administration/withdrawal-payments,src/api/administration.ts,Declarar la regla de autorizacion de este endpoint en el servidor y cubrirla con una prueba negativa por rol.
SEC-BACKOFFICE-EP-096,security,backoffice,high,unverified,open,S,low,Endpoint sin sesion: POST /auth/backoffice/activate,src/pages/ActivateEmployeePage.tsx,"Aplicar limite de tasa por IP y por identificador, respuestas genericas y de tiempo constante, y anti-automatizacion en los flujos de credenciales."
SEC-BACKOFFICE-EP-109,security,backoffice,high,unverified,open,S,low,Autorizacion de servidor no verificable: POST /backoffice/permissions/invitations,src/api/permissions.ts,Declarar la regla de autorizacion de este endpoint en el servidor y cubrirla con una prueba negativa por rol.
SEC-BACKOFFICE-EP-110,security,backoffice,high,unverified,open,S,low,Autorizacion de servidor no verificable: POST /backoffice/permissions/users/{id}/resend-invitation,src/api/permissions.ts,Declarar la regla de autorizacion de este endpoint en el servidor y cubrirla con una prueba negativa por rol.
SEC-BACKOFFICE-EP-115,security,backoffice,high,unverified,open,S,low,Autorizacion de servidor no verificable: POST /mediations/{id}/reactivate,src/api/mediations.ts,Declarar la regla de autorizacion de este endpoint en el servidor y cubrirla con una prueba negativa por rol.
SEC-BACKOFFICE-EP-116,security,backoffice,high,unverified,open,S,low,Autorizacion de servidor no verificable: POST /mediations/{id}/resolve,src/api/mediations.ts,Declarar la regla de autorizacion de este endpoint en el servidor y cubrirla con una prueba negativa por rol.
SEC-BACKOFFICE-EP-123,security,backoffice,high,unverified,open,S,low,Autorizacion de servidor no verificable: POST /validations/anuncios/{id}/approve,src/api/validations.ts,Declarar la regla de autorizacion de este endpoint en el servidor y cubrirla con una prueba negativa por rol.
SEC-BACKOFFICE-EP-124,security,backoffice,high,unverified,open,S,low,Autorizacion de servidor no verificable: POST /validations/anuncios/{id}/reject,src/api/validations.ts,Declarar la regla de autorizacion de este endpoint en el servidor y cubrirla con una prueba negativa por rol.
SEC-BACKOFFICE-EP-125,security,backoffice,high,unverified,open,S,low,Autorizacion de servidor no verificable: PUT /administration/configuracion-pagos,src/api/administration.ts,Declarar la regla de autorizacion de este endpoint en el servidor y cubrirla con una prueba negativa por rol.
SEC-BACKOFFICE-EP-126,security,backoffice,high,unverified,open,S,low,Autorizacion de servidor no verificable: PUT /administration/expenses/{id},src/api/administration.ts,Declarar la regla de autorizacion de este endpoint en el servidor y cubrirla con una prueba negativa por rol.
SEC-BACKOFFICE-EP-127,security,backoffice,high,unverified,open,S,low,Autorizacion de servidor no verificable: PUT /administration/socios/{id},src/api/administration.ts,Declarar la regla de autorizacion de este endpoint en el servidor y cubrirla con una prueba negativa por rol.
SEC-BACKOFFICE-EP-128,security,backoffice,high,unverified,open,S,low,Autorizacion de servidor no verificable: PUT /backoffice/founders/config,src/api/founders.ts,Declarar la regla de autorizacion de este endpoint en el servidor y cubrirla con una prueba negativa por rol.
SEC-BACKOFFICE-EP-129,security,backoffice,high,unverified,open,S,low,Autorizacion de servidor no verificable: PUT /backoffice/permissions/users/{id},src/api/permissions.ts,Declarar la regla de autorizacion de este endpoint en el servidor y cubrirla con una prueba negativa por rol.
SEC-BACKOFFICE-NW-001,security,backoffice,high,fail,open,S,medium,Sink fetch con token fuera de apiClient: downloadDocument,src/utils/documentUrls.ts,Reutilizar requiresBackofficeToken de useAuthedImage antes de adjuntar el token.
SEC-BACKOFFICE-NW-002,security,backoffice,high,fail,open,S,medium,Sink fetch con token fuera de apiClient: previewDocument,src/utils/documentUrls.ts,Reutilizar requiresBackofficeToken de useAuthedImage antes de adjuntar el token.
SEC-BACKOFFICE-NW-003,security,backoffice,high,fail,open,S,medium,Sink fetch con token fuera de apiClient: DocumentPreview,src/components/shared/DocumentPreview.tsx,Reutilizar requiresBackofficeToken de useAuthedImage antes de adjuntar el token.
SEC-BACKOFFICE-RT-015,security,backoffice,high,partial,open,S,high,Ruta /configuracion -> guarda de cliente: RequireSuperAdmin,src/App.tsx,Emparejar cada guarda de ruta con la regla equivalente en el servidor para los endpoints que esa pantalla consume.
SEC-BACKOFFICE-RT-016,security,backoffice,high,partial,open,S,high,Ruta /retiros -> guarda de cliente: RequireSuperAdmin,src/App.tsx,Emparejar cada guarda de ruta con la regla equivalente en el servidor para los endpoints que esa pantalla consume.
SEC-BACKOFFICE-TK-001,security,backoffice,high,fail,open,S,high,Punto de sesion: Clave de almacenamiento del token,src/context/AuthContext.tsx,Ver SEC-BACKOFFICE-006.
SEC-BACKOFFICE-TK-004,security,backoffice,high,fail,open,S,high,Punto de sesion: getStoredToken: lee de sessionStorage y localStorage,src/context/AuthContext.tsx,Ver SEC-BACKOFFICE-006.
SEC-BACKOFFICE-TK-005,security,backoffice,high,fail,open,S,high,Punto de sesion: storeToken: 'mantener sesion' persiste en localStorage,src/context/AuthContext.tsx,Ver SEC-BACKOFFICE-006.
SEC-BACKOFFICE-TK-010,security,backoffice,high,fail,open,S,high,"Punto de sesion: logout: solo local, sin revocacion en servidor",src/context/AuthContext.tsx,Ver SEC-BACKOFFICE-007.
SEC-BACKOFFICE-TK-014,security,backoffice,high,fail,open,S,high,Punto de sesion: getAuthToken: segunda lectura del token fuera de AuthContext,src/utils/documentUrls.ts,Ver SEC-BACKOFFICE-006.
SEC-BACKOFFICE-008,security,backoffice,medium,fail,open,S,high,Sin interceptor de respuesta: un 401 no termina la sesion ni redirige al login,src/api/client.ts | src/context/AuthContext.tsx,"Anadir un interceptor de respuesta en apiClient que ante 401 limpie el estado de autenticacion, invalide la cache de react-query y redirija a /login."
SEC-BACKOFFICE-009,security,backoffice,medium,fail,open,S,high,La separacion entre acceso de personal y de captador se aplica despues de emitir el token,src/pages/LoginPage.tsx | src/context/AuthContext.tsx,"Que /auth/backoffice/login rechace en el servidor las identidades que no sean personal, devolviendo 403 sin emitir token. El cliente no debe decidir el contexto de acceso."
SEC-BACKOFFICE-011,security,backoffice,medium,fail,open,S,medium,Redireccion abierta al fallar la vista previa de un documento,src/utils/documentUrls.ts | src/components/mediations/modals/BlockedAccountHistoryModal.tsx | src/components/mediations/modals/ResolvedCaseTimelineModal.tsx | src/components/mediations/modals/ResolvedCaseSummaryModal.tsx,"Validar en resolveDocumentUrl que el origen resultante sea API_ORIGIN o una lista blanca explicita; ante cualquier otro origen, mostrar un error en vez de navegar. Mantener rel=noreferrer en los enlaces."
SEC-BACKOFFICE-015,security,backoffice,medium,fail,open,M,high,Sin Content-Security-Policy ni HSTS en las cabeceras publicadas por Vercel,vercel.json,Anadir Strict-Transport-Security: max-age=31536000; includeSubDomains y una CSP restrictiva (default-src 'self'; connect-src 'self' <origen de la API>; img-src 'self' data: blob: <origen de la API>; frame-ancestors 'none'; object-src 'none'; base-uri 'none'). Sustituir X-XSS-Protection por el valor 0 o retirarla. Nota: la pagina de login inyecta estilos con una etiqueta <style> en linea (src/pages
SEC-BACKOFFICE-016,security,backoffice,medium,fail,open,S,high,El Dockerfile arranca el servidor de desarrollo de Vite escuchando en 0.0.0.0 y como root,backoffice/frontend/Dockerfile | backoffice/frontend/.dockerignore,"Build multietapa: compilar con npm run build y servir dist con un servidor estatico minimo bajo un usuario sin privilegios (USER node o un uid dedicado). Anadir .env y .env.* al .dockerignore. Si la imagen es solo para desarrollo local, dejarlo explicito en el nombre del fichero (Dockerfile.dev) y en el README."
SEC-BACKOFFICE-CF-001,security,backoffice,medium,fail,open,S,high,Artefacto de configuracion: vercel.json (cabeceras de seguridad),vercel.json,Ver SEC-BACKOFFICE-015.
SEC-BACKOFFICE-CF-002,security,backoffice,medium,fail,open,S,high,Artefacto de configuracion: backoffice/frontend/Dockerfile,backoffice/frontend/Dockerfile,Ver SEC-BACKOFFICE-016.
SEC-BACKOFFICE-DP-006,security,backoffice,medium,fail,open,M,high,Dependencia vulnerable: exceljs (>=3.5.0),backoffice/frontend/package.json | backoffice/frontend/package-lock.json,"Actualizar react-router-dom a la ultima 6.x parcheada (arrastra react-router y @remix-run/router); para exceljs/uuid, evaluar el downgrade que propone npm audit frente a fijar uuid por resolutions antes de aplicarlo, porque exceljs genera la nomina bancaria."
SEC-BACKOFFICE-DP-007,security,backoffice,medium,fail,open,M,high,Dependencia vulnerable: uuid (<11.1.1),backoffice/frontend/package.json | backoffice/frontend/package-lock.json,"Actualizar react-router-dom a la ultima 6.x parcheada (arrastra react-router y @remix-run/router); para exceljs/uuid, evaluar el downgrade que propone npm audit frente a fijar uuid por resolutions antes de aplicarlo, porque exceljs genera la nomina bancaria."
SEC-BACKOFFICE-EP-004,security,backoffice,medium,unverified,open,S,low,Autorizacion de servidor no verificable: DELETE /mediations/{id}/messages/{id},src/api/mediations.ts,Declarar la regla de autorizacion de este endpoint en el servidor y cubrirla con una prueba negativa por rol.
SEC-BACKOFFICE-EP-022,security,backoffice,medium,unverified,open,S,low,Autorizacion de servidor no verificable: GET /anuncios,src/api/validations.ts,Declarar la regla de autorizacion de este endpoint en el servidor y cubrirla con una prueba negativa por rol.
SEC-BACKOFFICE-EP-023,security,backoffice,medium,unverified,open,S,low,Autorizacion de servidor no verificable: GET /audits/{id},src/api/audits.ts,Declarar la regla de autorizacion de este endpoint en el servidor y cubrirla con una prueba negativa por rol.
SEC-BACKOFFICE-EP-024,security,backoffice,medium,unverified,open,S,low,Autorizacion de servidor no verificable: GET /auth/me,src/api/auth.ts | src/context/AuthContext.tsx,Declarar la regla de autorizacion de este endpoint en el servidor y cubrirla con una prueba negativa por rol.
SEC-BACKOFFICE-EP-025,security,backoffice,medium,unverified,open,S,low,Autorizacion de servidor no verificable: GET /backoffice/capturers,src/api/capturers.ts,Declarar la regla de autorizacion de este endpoint en el servidor y cubrirla con una prueba negativa por rol.
SEC-BACKOFFICE-EP-035,security,backoffice,medium,unverified,open,S,low,Autorizacion de servidor no verificable: GET /dashboard/summary,src/api/dashboard.ts,Declarar la regla de autorizacion de este endpoint en el servidor y cubrirla con una prueba negativa por rol.
SEC-BACKOFFICE-EP-036,security,backoffice,medium,unverified,open,S,low,Autorizacion de servidor no verificable: GET /feedback,src/api/feedback.ts,Declarar la regla de autorizacion de este endpoint en el servidor y cubrirla con una prueba negativa por rol.
SEC-BACKOFFICE-EP-037,security,backoffice,medium,unverified,open,S,low,Autorizacion de servidor no verificable: GET /feedback/public,src/api/feedback.ts,Declarar la regla de autorizacion de este endpoint en el servidor y cubrirla con una prueba negativa por rol.
SEC-BACKOFFICE-EP-039,security,backoffice,medium,unverified,open,S,low,Autorizacion de servidor no verificable: GET /mediations/{id},src/api/mediations.ts,Declarar la regla de autorizacion de este endpoint en el servidor y cubrirla con una prueba negativa por rol.
SEC-BACKOFFICE-EP-040,security,backoffice,medium,unverified,open,S,low,Autorizacion de servidor no verificable: GET /reports/seller/{id},src/api/reports.ts,Declarar la regla de autorizacion de este endpoint en el servidor y cubrirla con una prueba negativa por rol.
SEC-BACKOFFICE-EP-041,security,backoffice,medium,unverified,open,S,low,Autorizacion de servidor no verificable: GET /reports/summary,src/api/reports.ts,Declarar la regla de autorizacion de este endpoint en el servidor y cubrirla con una prueba negativa por rol.
SEC-BACKOFFICE-EP-042,security,backoffice,medium,unverified,open,S,low,Autorizacion de servidor no verificable: GET /sellers/{id},src/api/sellers.ts,Declarar la regla de autorizacion de este endpoint en el servidor y cubrirla con una prueba negativa por rol.
SEC-BACKOFFICE-EP-043,security,backoffice,medium,unverified,open,S,low,Autorizacion de servidor no verificable: GET /sellers/{id}/block-history,src/api/sellers.ts,Declarar la regla de autorizacion de este endpoint en el servidor y cubrirla con una prueba negativa por rol.
SEC-BACKOFFICE-EP-044,security,backoffice,medium,unverified,open,S,low,Autorizacion de servidor no verificable: GET /sellers/{id}/documents,src/api/sellers.ts,Declarar la regla de autorizacion de este endpoint en el servidor y cubrirla con una prueba negativa por rol.
SEC-BACKOFFICE-EP-045,security,backoffice,medium,unverified,open,S,low,Autorizacion de servidor no verificable: GET /sellers/{id}/reports,src/api/sellers.ts,Declarar la regla de autorizacion de este endpoint en el servidor y cubrirla con una prueba negativa por rol.
SEC-BACKOFFICE-EP-046,security,backoffice,medium,unverified,open,S,low,Autorizacion de servidor no verificable: GET /sellers/{id}/retiros,src/api/sellers.ts,Declarar la regla de autorizacion de este endpoint en el servidor y cubrirla con una prueba negativa por rol.
SEC-BACKOFFICE-EP-047,security,backoffice,medium,unverified,open,S,low,Autorizacion de servidor no verificable: GET /sellers/{id}/tickets,src/api/sellers.ts,Declarar la regla de autorizacion de este endpoint en el servidor y cubrirla con una prueba negativa por rol.
SEC-BACKOFFICE-EP-048,security,backoffice,medium,unverified,open,S,low,Autorizacion de servidor no verificable: GET /support/tickets/{id},src/api/support.ts,Declarar la regla de autorizacion de este endpoint en el servidor y cubrirla con una prueba negativa por rol.
SEC-BACKOFFICE-EP-049,security,backoffice,medium,unverified,open,S,low,Autorizacion de servidor no verificable: GET /support/tickets/{id}/attachments,src/api/support.ts,Declarar la regla de autorizacion de este endpoint en el servidor y cubrirla con una prueba negativa por rol.
SEC-BACKOFFICE-EP-050,security,backoffice,medium,unverified,open,S,low,Autorizacion de servidor no verificable: GET /support/tickets/{id}/messages,src/api/support.ts,Declarar la regla de autorizacion de este endpoint en el servidor y cubrirla con una prueba negativa por rol.
SEC-BACKOFFICE-EP-051,security,backoffice,medium,unverified,open,S,low,Autorizacion de servidor no verificable: GET /support/workspace,src/api/support.ts,Declarar la regla de autorizacion de este endpoint en el servidor y cubrirla con una prueba negativa por rol.
SEC-BACKOFFICE-EP-052,security,backoffice,medium,unverified,open,S,low,Autorizacion de servidor no verificable: GET /usuarios/{id}/notificaciones,src/api/notifications.ts,Declarar la regla de autorizacion de este endpoint en el servidor y cubrirla con una prueba negativa por rol.
SEC-BACKOFFICE-EP-053,security,backoffice,medium,unverified,open,S,low,Autorizacion de servidor no verificable: GET /usuarios/{id}/notificaciones/unread-count,src/api/notifications.ts,Declarar la regla de autorizacion de este endpoint en el servidor y cubrirla con una prueba negativa por rol.
SEC-BACKOFFICE-EP-054,security,backoffice,medium,unverified,open,S,low,Autorizacion de servidor no verificable: GET /validations/anuncios,src/api/validations.ts,Declarar la regla de autorizacion de este endpoint en el servidor y cubrirla con una prueba negativa por rol.
SEC-BACKOFFICE-EP-055,security,backoffice,medium,unverified,open,S,low,Autorizacion de servidor no verificable: GET /validations/automotive-services,src/api/capturers.ts,Declarar la regla de autorizacion de este endpoint en el servidor y cubrirla con una prueba negativa por rol.
SEC-BACKOFFICE-EP-056,security,backoffice,medium,unverified,open,S,low,Autorizacion de servidor no verificable: GET /validations/automotive-services/{id}/documents/{tipo},src/api/capturers.ts,Declarar la regla de autorizacion de este endpoint en el servidor y cubrirla con una prueba negativa por rol.
SEC-BACKOFFICE-EP-057,security,backoffice,medium,unverified,open,S,low,Autorizacion de servidor no verificable: GET /validations/capturers,src/api/capturers.ts,Declarar la regla de autorizacion de este endpoint en el servidor y cubrirla con una prueba negativa por rol.
SEC-BACKOFFICE-EP-058,security,backoffice,medium,unverified,open,S,low,Autorizacion de servidor no verificable: GET /validations/capturers/config,src/api/capturers.ts,Declarar la regla de autorizacion de este endpoint en el servidor y cubrirla con una prueba negativa por rol.
SEC-BACKOFFICE-EP-059,security,backoffice,medium,unverified,open,S,low,Autorizacion de servidor no verificable: GET /validations/capturers/{id}/captured-businesses,src/api/capturers.ts,Declarar la regla de autorizacion de este endpoint en el servidor y cubrirla con una prueba negativa por rol.
SEC-BACKOFFICE-EP-060,security,backoffice,medium,unverified,open,S,low,Autorizacion de servidor no verificable: GET /validations/capturers/{id}/documents/{tipo},src/api/capturers.ts,Declarar la regla de autorizacion de este endpoint en el servidor y cubrirla con una prueba negativa por rol.
SEC-BACKOFFICE-EP-061,security,backoffice,medium,unverified,open,S,low,Autorizacion de servidor no verificable: GET /validations/capturers/{id}/ranking,src/api/capturers.ts,Declarar la regla de autorizacion de este endpoint en el servidor y cubrirla con una prueba negativa por rol.
SEC-BACKOFFICE-EP-062,security,backoffice,medium,unverified,open,S,low,Autorizacion de servidor no verificable: GET /validations/{id},src/api/validations.ts,Declarar la regla de autorizacion de este endpoint en el servidor y cubrirla con una prueba negativa por rol.
SEC-BACKOFFICE-EP-068,security,backoffice,medium,unverified,open,S,low,Autorizacion de servidor no verificable: PATCH /alerts/{id}/review,src/api/alerts.ts,Declarar la regla de autorizacion de este endpoint en el servidor y cubrirla con una prueba negativa por rol.
SEC-BACKOFFICE-EP-071,security,backoffice,medium,unverified,open,S,low,Autorizacion de servidor no verificable: PATCH /backoffice/capturers/{id}/deactivate,src/api/capturers.ts,Declarar la regla de autorizacion de este endpoint en el servidor y cubrirla con una prueba negativa por rol.
SEC-BACKOFFICE-EP-072,security,backoffice,medium,unverified,open,S,low,Autorizacion de servidor no verificable: PATCH /backoffice/capturers/{id}/reactivate,src/api/capturers.ts,Declarar la regla de autorizacion de este endpoint en el servidor y cubrirla con una prueba negativa por rol.
SEC-BACKOFFICE-EP-075,security,backoffice,medium,unverified,open,S,low,Autorizacion de servidor no verificable: PATCH /mediations/{id}/init,src/api/mediations.ts,Declarar la regla de autorizacion de este endpoint en el servidor y cubrirla con una prueba negativa por rol.
SEC-BACKOFFICE-EP-076,security,backoffice,medium,unverified,open,S,low,Autorizacion de servidor no verificable: PATCH /receipts/{id}/resolve,src/api/receipts.ts,Declarar la regla de autorizacion de este endpoint en el servidor y cubrirla con una prueba negativa por rol.
SEC-BACKOFFICE-EP-077,security,backoffice,medium,unverified,open,S,low,Autorizacion de servidor no verificable: PATCH /sellers/{id},src/api/sellers.ts,Declarar la regla de autorizacion de este endpoint en el servidor y cubrirla con una prueba negativa por rol.
SEC-BACKOFFICE-EP-079,security,backoffice,medium,unverified,open,S,low,Autorizacion de servidor no verificable: PATCH /support/tickets/{id}/status,src/api/support.ts,Declarar la regla de autorizacion de este endpoint en el servidor y cubrirla con una prueba negativa por rol.
SEC-BACKOFFICE-EP-080,security,backoffice,medium,unverified,open,S,low,Autorizacion de servidor no verificable: PATCH /users/perfil,src/pages/CapturerAccountPage.tsx,Declarar la regla de autorizacion de este endpoint en el servidor y cubrirla con una prueba negativa por rol.
SEC-BACKOFFICE-EP-083,security,backoffice,medium,unverified,open,S,low,Autorizacion de servidor no verificable: PATCH /validations/automotive-services/{id}/{id},src/api/capturers.ts,Declarar la regla de autorizacion de este endpoint en el servidor y cubrirla con una prueba negativa por rol.
SEC-BACKOFFICE-EP-088,security,backoffice,medium,unverified,open,S,low,Autorizacion de servidor no verificable: PATCH /validations/{id}/request-correction,src/api/validations.ts,Declarar la regla de autorizacion de este endpoint en el servidor y cubrirla con una prueba negativa por rol.
SEC-BACKOFFICE-EP-095,security,backoffice,medium,unverified,open,S,low,Autorizacion de servidor no verificable: POST /alerts/{id}/escalate,src/api/alerts.ts,Declarar la regla de autorizacion de este endpoint en el servidor y cubrirla con una prueba negativa por rol.
SEC-BACKOFFICE-EP-097,security,backoffice,medium,unverified,open,S,low,Endpoint sin sesion: POST /auth/backoffice/google,src/context/AuthContext.tsx,"Aplicar limite de tasa por IP y por identificador, respuestas genericas y de tiempo constante, y anti-automatizacion en los flujos de credenciales."
SEC-BACKOFFICE-EP-098,security,backoffice,medium,unverified,open,S,low,Endpoint sin sesion: POST /auth/backoffice/login,src/context/AuthContext.tsx,"Aplicar limite de tasa por IP y por identificador, respuestas genericas y de tiempo constante, y anti-automatizacion en los flujos de credenciales."
SEC-BACKOFFICE-EP-099,security,backoffice,medium,unverified,open,S,low,Endpoint sin sesion: POST /auth/google,src/api/auth.ts,"Aplicar limite de tasa por IP y por identificador, respuestas genericas y de tiempo constante, y anti-automatizacion en los flujos de credenciales."
SEC-BACKOFFICE-EP-100,security,backoffice,medium,unverified,open,S,low,Endpoint sin sesion: POST /auth/login,src/api/auth.ts,"Aplicar limite de tasa por IP y por identificador, respuestas genericas y de tiempo constante, y anti-automatizacion en los flujos de credenciales."
SEC-BACKOFFICE-EP-101,security,backoffice,medium,unverified,open,S,low,Autorizacion de servidor no verificable: POST /auth/logout,src/api/auth.ts,Declarar la regla de autorizacion de este endpoint en el servidor y cubrirla con una prueba negativa por rol.
SEC-BACKOFFICE-EP-102,security,backoffice,medium,unverified,open,S,low,Endpoint sin sesion: POST /auth/recover-password/reset,src/pages/RecoverPasswordPage.tsx,"Aplicar limite de tasa por IP y por identificador, respuestas genericas y de tiempo constante, y anti-automatizacion en los flujos de credenciales."
SEC-BACKOFFICE-EP-103,security,backoffice,medium,unverified,open,S,low,Endpoint sin sesion: POST /auth/recover-password/send-code,src/pages/RecoverPasswordPage.tsx,"Aplicar limite de tasa por IP y por identificador, respuestas genericas y de tiempo constante, y anti-automatizacion en los flujos de credenciales."
SEC-BACKOFFICE-EP-104,security,backoffice,medium,unverified,open,S,low,Endpoint sin sesion: POST /auth/recover-password/verify-code,src/pages/RecoverPasswordPage.tsx,"Aplicar limite de tasa por IP y por identificador, respuestas genericas y de tiempo constante, y anti-automatizacion en los flujos de credenciales."
SEC-BACKOFFICE-EP-105,security,backoffice,medium,unverified,open,S,low,Autorizacion de servidor no verificable: POST /auth/refresh,src/api/auth.ts,Declarar la regla de autorizacion de este endpoint en el servidor y cubrirla con una prueba negativa por rol.
SEC-BACKOFFICE-EP-106,security,backoffice,medium,unverified,open,S,low,Endpoint sin sesion: POST /auth/register/capturer,src/pages/CapturerRegisterPage.tsx,"Aplicar limite de tasa por IP y por identificador, respuestas genericas y de tiempo constante, y anti-automatizacion en los flujos de credenciales."
SEC-BACKOFFICE-EP-107,security,backoffice,medium,unverified,open,S,low,Endpoint sin sesion: POST /auth/register/resend-code,src/pages/CapturerRegisterPage.tsx,"Aplicar limite de tasa por IP y por identificador, respuestas genericas y de tiempo constante, y anti-automatizacion en los flujos de credenciales."
SEC-BACKOFFICE-EP-108,security,backoffice,medium,unverified,open,S,low,Endpoint sin sesion: POST /auth/register/verify-email,src/pages/CapturerRegisterPage.tsx,"Aplicar limite de tasa por IP y por identificador, respuestas genericas y de tiempo constante, y anti-automatizacion en los flujos de credenciales."
SEC-BACKOFFICE-EP-111,security,backoffice,medium,unverified,open,S,low,Autorizacion de servidor no verificable: POST /captadores/me/chats/{id}/messages,src/api/capturers.ts,Declarar la regla de autorizacion de este endpoint en el servidor y cubrirla con una prueba negativa por rol.
SEC-BACKOFFICE-EP-112,security,backoffice,medium,unverified,open,S,low,Autorizacion de servidor no verificable: POST /captadores/me/withdrawals,src/api/capturers.ts,Declarar la regla de autorizacion de este endpoint en el servidor y cubrirla con una prueba negativa por rol.
SEC-BACKOFFICE-EP-113,security,backoffice,medium,unverified,open,S,low,Autorizacion de servidor no verificable: POST /mediations,src/api/mediations.ts,Declarar la regla de autorizacion de este endpoint en el servidor y cubrirla con una prueba negativa por rol.
SEC-BACKOFFICE-EP-114,security,backoffice,medium,unverified,open,S,low,Autorizacion de servidor no verificable: POST /mediations/{id}/messages,src/api/mediations.ts,Declarar la regla de autorizacion de este endpoint en el servidor y cubrirla con una prueba negativa por rol.
SEC-BACKOFFICE-EP-117,security,backoffice,medium,unverified,open,S,low,Autorizacion de servidor no verificable: POST /sellers,src/api/sellers.ts,Declarar la regla de autorizacion de este endpoint en el servidor y cubrirla con una prueba negativa por rol.
SEC-BACKOFFICE-EP-118,security,backoffice,medium,unverified,open,S,low,Autorizacion de servidor no verificable: POST /support/tickets,src/api/support.ts | src/pages/CapturerSupportPage.tsx,Declarar la regla de autorizacion de este endpoint en el servidor y cubrirla con una prueba negativa por rol.
SEC-BACKOFFICE-EP-119,security,backoffice,medium,unverified,open,S,low,Autorizacion de servidor no verificable: POST /support/tickets/{id}/messages,src/api/support.ts,Declarar la regla de autorizacion de este endpoint en el servidor y cubrirla con una prueba negativa por rol.
SEC-BACKOFFICE-EP-120,security,backoffice,medium,unverified,open,S,low,Autorizacion de servidor no verificable: POST /uploads/upload,src/api/support.ts,Declarar la regla de autorizacion de este endpoint en el servidor y cubrirla con una prueba negativa por rol.
SEC-BACKOFFICE-EP-121,security,backoffice,medium,unverified,open,S,low,Autorizacion de servidor no verificable: POST /users/perfil/foto,src/api/capturers.ts,Declarar la regla de autorizacion de este endpoint en el servidor y cubrirla con una prueba negativa por rol.
SEC-BACKOFFICE-EP-122,security,backoffice,medium,unverified,open,S,low,Autorizacion de servidor no verificable: POST /validations,src/api/validations.ts,Declarar la regla de autorizacion de este endpoint en el servidor y cubrirla con una prueba negativa por rol.
SEC-BACKOFFICE-EP-130,security,backoffice,medium,unverified,open,S,low,Autorizacion de servidor no verificable: PUT /captadores/me/bank,src/api/capturers.ts,Declarar la regla de autorizacion de este endpoint en el servidor y cubrirla con una prueba negativa por rol.
SEC-BACKOFFICE-EP-131,security,backoffice,medium,unverified,open,S,low,Autorizacion de servidor no verificable: PUT /feedback/{id}/approval,src/api/feedback.ts,Declarar la regla de autorizacion de este endpoint en el servidor y cubrirla con una prueba negativa por rol.
SEC-BACKOFFICE-EP-132,security,backoffice,medium,unverified,open,S,low,Autorizacion de servidor no verificable: PUT /mediations/{id}/messages/{id},src/api/mediations.ts,Declarar la regla de autorizacion de este endpoint en el servidor y cubrirla con una prueba negativa por rol.
SEC-BACKOFFICE-EP-133,security,backoffice,medium,unverified,open,S,low,Autorizacion de servidor no verificable: PUT /usuarios/{id}/notificaciones/leidas,src/api/notifications.ts,Declarar la regla de autorizacion de este endpoint en el servidor y cubrirla con una prueba negativa por rol.
SEC-BACKOFFICE-EP-134,security,backoffice,medium,unverified,open,S,low,Autorizacion de servidor no verificable: PUT /usuarios/{id}/notificaciones/{id}/leida,src/api/notifications.ts,Declarar la regla de autorizacion de este endpoint en el servidor y cubrirla con una prueba negativa por rol.
SEC-BACKOFFICE-EP-135,security,backoffice,medium,unverified,open,S,low,Autorizacion de servidor no verificable: PUT /validations/capturers/config,src/api/capturers.ts,Declarar la regla de autorizacion de este endpoint en el servidor y cubrirla con una prueba negativa por rol.
SEC-BACKOFFICE-RN-010,security,backoffice,medium,fail,open,S,high,Sink de render/navegacion (attr): src/components/mediations/MediationDetail.tsx:341,src/components/mediations/MediationDetail.tsx,Ver SEC-BACKOFFICE-011.
SEC-BACKOFFICE-RN-011,security,backoffice,medium,fail,open,S,high,Sink de render/navegacion (attr): src/components/mediations/MediationDetail.tsx:344,src/components/mediations/MediationDetail.tsx,Ver SEC-BACKOFFICE-011.
SEC-BACKOFFICE-RN-013,security,backoffice,medium,fail,open,S,high,Sink de render/navegacion (attr): src/components/mediations/modals/BlockedAccountHistoryModal.tsx:50,src/components/mediations/modals/BlockedAccountHistoryModal.tsx,Ver SEC-BACKOFFICE-011.
SEC-BACKOFFICE-RN-014,security,backoffice,medium,fail,open,S,high,Sink de render/navegacion (attr): src/components/mediations/modals/ResolvedCaseSummaryModal.tsx:89,src/components/mediations/modals/ResolvedCaseSummaryModal.tsx,Ver SEC-BACKOFFICE-011.
SEC-BACKOFFICE-RN-015,security,backoffice,medium,fail,open,S,high,Sink de render/navegacion (attr): src/components/mediations/modals/ResolvedCaseTimelineModal.tsx:50,src/components/mediations/modals/ResolvedCaseTimelineModal.tsx,Ver SEC-BACKOFFICE-011.
SEC-BACKOFFICE-RN-042,security,backoffice,medium,fail,open,S,high,Sink de render/navegacion (nav): src/utils/documentUrls.ts:166,src/utils/documentUrls.ts,Ver SEC-BACKOFFICE-011.
SEC-BACKOFFICE-RT-005,security,backoffice,medium,partial,open,S,high,Ruta /captador/estado -> guarda de cliente: RequireCapturer,src/App.tsx,Emparejar cada guarda de ruta con la regla equivalente en el servidor para los endpoints que esa pantalla consume.
SEC-BACKOFFICE-RT-006,security,backoffice,medium,partial,open,S,high,Ruta /captador -> guarda de cliente: RequireApprovedCapturer,src/App.tsx,Emparejar cada guarda de ruta con la regla equivalente en el servidor para los endpoints que esa pantalla consume.
SEC-BACKOFFICE-RT-007,security,backoffice,medium,partial,open,S,high,Ruta /captador/comisiones -> guarda de cliente: RequireApprovedCapturer,src/App.tsx,Emparejar cada guarda de ruta con la regla equivalente en el servidor para los endpoints que esa pantalla consume.
SEC-BACKOFFICE-RT-008,security,backoffice,medium,partial,open,S,high,Ruta /captador/ranking -> guarda de cliente: RequireApprovedCapturer,src/App.tsx,Emparejar cada guarda de ruta con la regla equivalente en el servidor para los endpoints que esa pantalla consume.
SEC-BACKOFFICE-RT-009,security,backoffice,medium,partial,open,S,high,Ruta /captador/retiros -> guarda de cliente: RequireApprovedCapturer,src/App.tsx,Emparejar cada guarda de ruta con la regla equivalente en el servidor para los endpoints que esa pantalla consume.
SEC-BACKOFFICE-RT-010,security,backoffice,medium,partial,open,S,high,Ruta /captador/cuenta -> guarda de cliente: RequireApprovedCapturer,src/App.tsx,Emparejar cada guarda de ruta con la regla equivalente en el servidor para los endpoints que esa pantalla consume.
SEC-BACKOFFICE-RT-011,security,backoffice,medium,partial,open,S,high,Ruta /captador/chats -> guarda de cliente: RequireApprovedCapturer,src/App.tsx,Emparejar cada guarda de ruta con la regla equivalente en el servidor para los endpoints que esa pantalla consume.
SEC-BACKOFFICE-RT-012,security,backoffice,medium,partial,open,S,high,Ruta /captador/ayuda -> guarda de cliente: RequireApprovedCapturer,src/App.tsx,Emparejar cada guarda de ruta con la regla equivalente en el servidor para los endpoints que esa pantalla consume.
SEC-BACKOFFICE-RT-013,security,backoffice,medium,partial,open,S,high,Ruta /captador/soporte -> guarda de cliente: RequireApprovedCapturer,src/App.tsx,Emparejar cada guarda de ruta con la regla equivalente en el servidor para los endpoints que esa pantalla consume.
SEC-BACKOFFICE-RT-014,security,backoffice,medium,partial,open,S,high,Ruta / -> guarda de cliente: RequireAuth,src/App.tsx,Emparejar cada guarda de ruta con la regla equivalente en el servidor para los endpoints que esa pantalla consume.
SEC-BACKOFFICE-RT-017,security,backoffice,medium,partial,open,S,high,Ruta /administracion -> guarda de cliente: RequireArea ADMINISTRACION_CONTABLE,src/App.tsx,Emparejar cada guarda de ruta con la regla equivalente en el servidor para los endpoints que esa pantalla consume.
SEC-BACKOFFICE-RT-018,security,backoffice,medium,partial,open,S,high,Ruta /administracion (index) -> guarda de cliente: hereda RequireArea ADMINISTRACION_CONTABLE,src/App.tsx,Emparejar cada guarda de ruta con la regla equivalente en el servidor para los endpoints que esa pantalla consume.
SEC-BACKOFFICE-RT-019,security,backoffice,medium,partial,open,S,high,Ruta /administracion/resumen -> guarda de cliente: hereda RequireArea ADMINISTRACION_CONTABLE,src/App.tsx,Emparejar cada guarda de ruta con la regla equivalente en el servidor para los endpoints que esa pantalla consume.
SEC-BACKOFFICE-RT-020,security,backoffice,medium,partial,open,S,high,Ruta /administracion/pedidos -> guarda de cliente: hereda RequireArea ADMINISTRACION_CONTABLE,src/App.tsx,Emparejar cada guarda de ruta con la regla equivalente en el servidor para los endpoints que esa pantalla consume.
SEC-BACKOFFICE-RT-021,security,backoffice,medium,partial,open,S,high,Ruta /administracion/liquidaciones -> guarda de cliente: hereda RequireArea ADMINISTRACION_CONTABLE,src/App.tsx,Emparejar cada guarda de ruta con la regla equivalente en el servidor para los endpoints que esa pantalla consume.
SEC-BACKOFFICE-RT-022,security,backoffice,medium,partial,open,S,high,Ruta /administracion/gastos -> guarda de cliente: hereda RequireArea ADMINISTRACION_CONTABLE,src/App.tsx,Emparejar cada guarda de ruta con la regla equivalente en el servidor para los endpoints que esa pantalla consume.
SEC-BACKOFFICE-RT-023,security,backoffice,medium,partial,open,S,high,Ruta /administracion/pago-proveedores -> guarda de cliente: hereda RequireArea ADMINISTRACION_CONTABLE,src/App.tsx,Emparejar cada guarda de ruta con la regla equivalente en el servidor para los endpoints que esa pantalla consume.
SEC-BACKOFFICE-RT-024,security,backoffice,medium,partial,open,S,high,Ruta /administracion/pago-captadores -> guarda de cliente: hereda RequireArea ADMINISTRACION_CONTABLE,src/App.tsx,Emparejar cada guarda de ruta con la regla equivalente en el servidor para los endpoints que esa pantalla consume.
SEC-BACKOFFICE-RT-025,security,backoffice,medium,partial,open,S,high,Ruta /administracion/boletas -> guarda de cliente: hereda RequireArea ADMINISTRACION_CONTABLE,src/App.tsx,Emparejar cada guarda de ruta con la regla equivalente en el servidor para los endpoints que esa pantalla consume.
SEC-BACKOFFICE-RT-026,security,backoffice,medium,partial,open,S,high,Ruta /soporte/* -> guarda de cliente: RequireArea SOPORTE,src/App.tsx,Emparejar cada guarda de ruta con la regla equivalente en el servidor para los endpoints que esa pantalla consume.
SEC-BACKOFFICE-RT-027,security,backoffice,medium,partial,open,S,high,Ruta /confianza/* -> guarda de cliente: RequireArea MEDIACION_CONFIANZA,src/App.tsx,Emparejar cada guarda de ruta con la regla equivalente en el servidor para los endpoints que esa pantalla consume.
SEC-BACKOFFICE-RT-028,security,backoffice,medium,partial,open,S,high,Ruta /confianza (index) -> guarda de cliente: hereda RequireArea MEDIACION_CONFIANZA,src/App.tsx,Emparejar cada guarda de ruta con la regla equivalente en el servidor para los endpoints que esa pantalla consume.
SEC-BACKOFFICE-RT-029,security,backoffice,medium,partial,open,S,high,Ruta /confianza/sellers -> guarda de cliente: hereda RequireArea MEDIACION_CONFIANZA,src/App.tsx,Emparejar cada guarda de ruta con la regla equivalente en el servidor para los endpoints que esa pantalla consume.
SEC-BACKOFFICE-RT-030,security,backoffice,medium,partial,open,S,high,Ruta /confianza/captadores -> guarda de cliente: hereda RequireArea MEDIACION_CONFIANZA,src/App.tsx,Emparejar cada guarda de ruta con la regla equivalente en el servidor para los endpoints que esa pantalla consume.
SEC-BACKOFFICE-RT-031,security,backoffice,medium,partial,open,S,high,Ruta /confianza/validations -> guarda de cliente: hereda RequireArea MEDIACION_CONFIANZA,src/App.tsx,Emparejar cada guarda de ruta con la regla equivalente en el servidor para los endpoints que esa pantalla consume.
SEC-BACKOFFICE-RT-032,security,backoffice,medium,partial,open,S,high,Ruta /confianza/mediations -> guarda de cliente: hereda RequireArea MEDIACION_CONFIANZA,src/App.tsx,Emparejar cada guarda de ruta con la regla equivalente en el servidor para los endpoints que esa pantalla consume.
SEC-BACKOFFICE-RT-033,security,backoffice,medium,partial,open,S,high,Ruta /confianza/mediations/:id -> guarda de cliente: hereda RequireArea MEDIACION_CONFIANZA,src/App.tsx,Emparejar cada guarda de ruta con la regla equivalente en el servidor para los endpoints que esa pantalla consume.
SEC-BACKOFFICE-RT-034,security,backoffice,medium,partial,open,S,high,Ruta /confianza/alertas -> guarda de cliente: hereda RequireArea MEDIACION_CONFIANZA,src/App.tsx,Emparejar cada guarda de ruta con la regla equivalente en el servidor para los endpoints que esa pantalla consume.
SEC-BACKOFFICE-RT-035,security,backoffice,medium,partial,open,S,high,Ruta /confianza/bitacora -> guarda de cliente: hereda RequireArea MEDIACION_CONFIANZA,src/App.tsx,Emparejar cada guarda de ruta con la regla equivalente en el servidor para los endpoints que esa pantalla consume.
SEC-BACKOFFICE-RT-036,security,backoffice,medium,partial,open,S,high,Ruta /confianza/reports -> guarda de cliente: hereda RequireArea MEDIACION_CONFIANZA,src/App.tsx,Emparejar cada guarda de ruta con la regla equivalente en el servidor para los endpoints que esa pantalla consume.
SEC-BACKOFFICE-RT-037,security,backoffice,medium,partial,open,S,high,Ruta /confianza/feedback -> guarda de cliente: hereda RequireArea MEDIACION_CONFIANZA,src/App.tsx,Emparejar cada guarda de ruta con la regla equivalente en el servidor para los endpoints que esa pantalla consume.
SEC-BACKOFFICE-RT-038,security,backoffice,medium,partial,open,S,high,Ruta * (catch-all -> /) -> guarda de cliente: sin guarda propia; redirige a / que exige RequireAuth,src/App.tsx,Emparejar cada guarda de ruta con la regla equivalente en el servidor para los endpoints que esa pantalla consume.
SEC-BACKOFFICE-TK-002,security,backoffice,medium,partial,open,S,high,Punto de sesion: setAuthHeader: token en headers.common de axios,src/context/AuthContext.tsx,Ver SEC-BACKOFFICE-006.
SEC-BACKOFFICE-TK-008,security,backoffice,medium,partial,open,S,high,Punto de sesion: login: emision y almacenamiento del token,src/context/AuthContext.tsx,Ver SEC-BACKOFFICE-009.
SEC-BACKOFFICE-TK-009,security,backoffice,medium,partial,open,S,high,Punto de sesion: loginWithGoogle: emision y almacenamiento del token,src/context/AuthContext.tsx,Ver SEC-BACKOFFICE-009.
SEC-BACKOFFICE-TK-011,security,backoffice,medium,fail,open,S,high,"Punto de sesion: refresh: funcion vacia, sin rotacion de sesion",src/context/AuthContext.tsx,Ver SEC-BACKOFFICE-007.
SEC-BACKOFFICE-TK-012,security,backoffice,medium,unverified,open,S,low,Punto de sesion: apiClient: withCredentials true junto a cabecera de portador,src/api/client.ts,Ver SEC-BACKOFFICE-024.
SEC-BACKOFFICE-TK-013,security,backoffice,medium,fail,open,S,high,Punto de sesion: apiClient: sin interceptores de respuesta (401 no gestionado),src/api/client.ts,Ver SEC-BACKOFFICE-008.
SEC-BACKOFFICE-TK-015,security,backoffice,medium,partial,open,S,high,Punto de sesion: getAuthHeaders: construccion de la cabecera para fetch,src/utils/documentUrls.ts,Ver SEC-BACKOFFICE-010.
SEC-BACKOFFICE-017,security,backoffice,low,fail,open,S,high,Estado privilegiado de la UI leido desde localStorage sin ninguna via de activacion en la interfaz,src/utils/manualMediationAdminMode.ts | src/utils/manualMediationStatus.ts,"Retirar el mecanismo: no tiene via de activacion en la UI y solo puede desincronizar la vista de la verdad del servidor. Si se necesita para depuracion, limitarlo a builds de desarrollo con import.meta.env.DEV."
SEC-BACKOFFICE-018,security,backoffice,low,fail,open,S,high,Mensajes de error del servidor mostrados sin filtrar en los formularios de acceso,src/pages/LoginPage.tsx | src/pages/RecoverPasswordPage.tsx | src/pages/ActivateEmployeePage.tsx,"Mostrar un mensaje generico y constante en los flujos de autenticacion y recuperacion, reservando el detalle del servidor para los errores de negocio ya autenticados. Alinearlo con una respuesta de tiempo constante en el servidor."
SEC-BACKOFFICE-CF-003,security,backoffice,low,fail,open,S,high,Artefacto de configuracion: backoffice/frontend/.dockerignore,backoffice/frontend/.dockerignore,Ver SEC-BACKOFFICE-016.
SEC-BACKOFFICE-EP-029,security,backoffice,low,unverified,open,S,low,Autorizacion de servidor no verificable: GET /captadores/me/chats,src/api/capturers.ts,Declarar la regla de autorizacion de este endpoint en el servidor y cubrirla con una prueba negativa por rol.
SEC-BACKOFFICE-EP-030,security,backoffice,low,unverified,open,S,low,Autorizacion de servidor no verificable: GET /captadores/me/chats/{id}/messages,src/api/capturers.ts,Declarar la regla de autorizacion de este endpoint en el servidor y cubrirla con una prueba negativa por rol.
SEC-BACKOFFICE-EP-031,security,backoffice,low,unverified,open,S,low,Autorizacion de servidor no verificable: GET /captadores/me/config,src/api/capturers.ts,Declarar la regla de autorizacion de este endpoint en el servidor y cubrirla con una prueba negativa por rol.
SEC-BACKOFFICE-EP-032,security,backoffice,low,unverified,open,S,low,Autorizacion de servidor no verificable: GET /captadores/me/dashboard,src/api/capturers.ts,Declarar la regla de autorizacion de este endpoint en el servidor y cubrirla con una prueba negativa por rol.
SEC-BACKOFFICE-EP-033,security,backoffice,low,unverified,open,S,low,Autorizacion de servidor no verificable: GET /captadores/me/ranking,src/api/capturers.ts,Declarar la regla de autorizacion de este endpoint en el servidor y cubrirla con una prueba negativa por rol.
SEC-BACKOFFICE-EP-034,security,backoffice,low,unverified,open,S,low,Autorizacion de servidor no verificable: GET /captadores/me/status,src/api/capturers.ts,Declarar la regla de autorizacion de este endpoint en el servidor y cubrirla con una prueba negativa por rol.
SEC-BACKOFFICE-EP-038,security,backoffice,low,unverified,open,S,low,Endpoint sin sesion: GET /geografia/paises/{id}/regiones,src/pages/CapturerRegisterPage.tsx,"Aplicar limite de tasa por IP y por identificador, respuestas genericas y de tiempo constante, y anti-automatizacion en los flujos de credenciales."
SEC-BACKOFFICE-020,security,backoffice,info,fail,open,S,high,El marcador de posicion del campo de acceso revela el patron de correo de las cuentas administrativas,src/pages/LoginPage.tsx,"Usar un marcador de posicion neutro, por ejemplo 'correo@empresa.cl', como ya hace PermissionsConfigPage.tsx:300."
